user_id,created_at
63,2024-06-06T07:39:03.900Z
25,2024-05-19T13:03:43.119Z
27,2024-05-25T05:01:30.678Z
29,2024-05-28T04:30:23.167Z
30,2024-05-28T04:34:07.606Z
31,2024-05-28T13:14:39.145Z
32,2024-05-28T13:16:20.735Z
35,2024-05-29T07:23:31.461Z
38,2024-05-30T09:46:21.524Z
41,2024-05-31T06:34:17.294Z
26,2024-05-19T13:04:20.757Z
88,2024-06-14T06:03:59.871Z
59,2024-06-05T09:33:55.249Z
76,2024-06-09T09:10:58.727Z
62,2024-06-05T09:49:53.259Z
74,2024-06-09T04:57:06.598Z
61,2024-06-05T09:44:00.083Z
71,2024-06-08T06:22:09.129Z
57,2024-06-05T09:23:37.211Z
66,2024-06-07T10:19:43.598Z
55,2024-06-04T09:02:38.937Z
84,2024-06-12T04:29:28.196Z
70,2024-06-08T06:15:07.268Z
77,2024-06-09T09:13:12.918Z
56,2024-06-05T09:18:16.793Z
45,2024-06-01T08:46:12.274Z
72,2024-06-08T08:14:29.685Z
49,2024-06-02T04:37:55.610Z
48,2024-06-02T04:27:35.405Z
40,2024-06-01T09:09:26.094Z
46,2024-06-01T08:58:13.937Z
40,2024-05-31T04:10:44.406Z
34,2024-05-29T07:22:32.450Z
39,2024-05-30T09:46:01.161Z
37,2024-05-30T09:46:38.050Z
89,2024-06-14T12:33:15.517Z
36,2024-05-30T09:46:52.412Z
42,2024-06-01T08:30:37.428Z
51,2024-06-02T04:44:36.837Z
44,2024-06-01T08:38:25.594Z
43,2024-06-01T08:34:08.841Z
75,2024-06-09T05:07:24.608Z
33,2024-05-29T03:53:31.117Z
50,2024-06-02T04:41:30.532Z
64,2024-06-06T07:45:14.947Z
54,2024-06-04T09:00:24.418Z
60,2024-06-05T09:36:43.889Z
65,2024-06-06T07:53:45.024Z
68,2024-06-07T10:24:06.876Z
79,2024-06-11T03:20:27.306Z
33,2024-06-07T10:23:07.767Z
83,2024-06-12T04:27:28.582Z
86,2024-06-12T08:31:52.349Z
73,2024-06-08T08:29:46.807Z
85,2024-06-12T05:50:15.867Z
80,2024-06-11T07:30:49.030Z
52,2024-06-02T10:07:00.601Z
53,2024-06-02T10:28:28.900Z
58,2024-06-05T09:27:50.945Z
69,2024-06-07T10:25:12.957Z
87,2024-06-12T08:40:42.921Z
91,2024-06-15T03:10:00.643Z
56,2024-06-07T10:18:11.612Z
66,2024-06-11T03:22:34.237Z
82,2024-06-12T04:25:02.912Z
81,2024-06-11T07:33:15.350Z
78,2024-06-11T03:18:55.383Z
104,2024-06-18T06:44:39.801Z
128,2024-06-27T03:40:23.996Z
138,2024-06-28T08:43:05.815Z
2,2024-06-25T03:32:44.074Z
104,2024-06-25T04:28:01.343Z
101,2024-06-16T09:14:07.866Z
133,2024-06-25T07:58:49.871Z
59,2024-06-29T08:06:52.530Z
63,2024-06-19T04:52:50.632Z
71,2024-06-16T09:10:10.078Z
105,2024-06-22T04:06:54.240Z
103,2024-06-18T06:42:40.817Z
147,2024-06-30T06:33:43.075Z
107,2024-06-19T04:56:45.350Z
83,2024-06-19T04:53:54.000Z
110,2024-06-21T04:01:15.593Z
109,2024-06-20T07:24:10.086Z
106,2024-06-18T11:17:58.671Z
102,2024-06-16T09:14:46.203Z
115,2024-06-21T08:56:59.269Z
132,2024-06-25T07:49:11.667Z
128,2024-06-25T03:37:01.804Z
98,2024-06-16T04:13:24.401Z
95,2024-06-15T07:08:29.504Z
94,2024-06-15T07:02:05.044Z
136,2024-06-27T04:34:08.607Z
127,2024-06-25T03:30:56.711Z
92,2024-06-15T06:54:16.247Z
93,2024-06-15T06:57:13.049Z
82,2024-06-18T06:40:50.766Z
131,2024-06-25T07:46:43.157Z
105,2024-06-18T06:45:58.405Z
114,2024-06-21T08:55:05.992Z
144,2024-06-29T08:16:21.130Z
125,2024-06-23T07:32:23.150Z
113,2024-06-21T08:53:19.472Z
99,2024-06-16T09:11:22.437Z
75,2024-06-23T06:30:23.283Z
135,2024-06-26T07:09:34.232Z
108,2024-06-20T06:04:31.887Z
96,2024-06-15T09:27:54.990Z
112,2024-06-21T04:07:33.578Z
119,2024-06-22T09:45:27.763Z
148,2024-06-30T08:01:39.003Z
111,2024-06-21T04:05:17.774Z
97,2024-06-16T04:06:44.279Z
122,2024-06-23T06:30:07.961Z
124,2024-06-23T07:30:33.178Z
116,2024-06-22T04:01:57.019Z
140,2024-06-29T08:03:26.284Z
123,2024-06-23T06:29:34.187Z
130,2024-06-25T07:44:43.414Z
117,2024-06-22T04:03:24.542Z
142,2024-06-29T08:10:02.422Z
121,2024-06-22T09:49:18.537Z
126,2024-06-25T03:27:27.434Z
118,2024-06-22T04:05:51.505Z
134,2024-06-26T04:13:51.506Z
114,2024-06-26T04:16:09.006Z
146,2024-06-30T06:32:15.135Z
93,2024-06-28T07:09:44.188Z
100,2024-06-16T09:12:22.151Z
120,2024-06-22T09:46:43.800Z
139,2024-06-28T08:44:39.529Z
2,2024-06-28T07:08:51.697Z
145,2024-06-30T06:28:46.989Z
143,2024-06-29T08:13:02.348Z
158,2024-07-03T03:47:15.659Z
172,2024-07-05T07:07:12.843Z
168,2024-07-05T04:39:33.482Z
161,2024-07-04T04:11:21.800Z
170,2024-07-05T06:59:02.949Z
169,2024-07-05T04:42:13.340Z
228,2024-07-11T05:59:55.429Z
155,2024-07-02T07:35:24.526Z
180,2024-07-06T04:10:35.758Z
187,2024-07-07T04:09:59.138Z
191,2024-07-07T05:09:52.518Z
200,2024-07-09T07:47:38.893Z
178,2024-07-06T04:09:18.558Z
154,2024-07-02T04:43:04.180Z
162,2024-07-04T04:14:20.779Z
164,2024-07-04T06:54:04.706Z
138,2024-07-02T03:43:56.594Z
34,2024-07-02T07:36:46.610Z
104,2024-07-07T04:51:26.407Z
160,2024-07-06T04:51:19.206Z
149,2024-07-02T03:42:58.598Z
174,2024-07-06T03:05:46.253Z
157,2024-07-02T10:40:22.848Z
190,2024-07-07T04:16:01.592Z
134,2024-07-05T07:02:09.413Z
184,2024-07-07T04:05:07.450Z
151,2024-07-02T03:50:11.277Z
182,2024-07-06T07:45:32.665Z
152,2024-07-02T03:54:23.827Z
160,2024-07-03T04:31:12.096Z
186,2024-07-07T04:08:41.186Z
153,2024-07-02T03:56:42.183Z
202,2024-07-09T07:54:31.159Z
136,2024-07-02T03:44:33.034Z
188,2024-07-07T04:12:52.894Z
195,2024-07-07T08:04:39.470Z
181,2024-07-06T04:52:59.910Z
166,2024-07-05T03:28:23.975Z
203,2024-07-10T10:50:08.674Z
165,2024-07-05T04:31:33.040Z
137,2024-06-27T06:49:58.762Z
165,2024-07-04T06:55:37.245Z
197,2024-07-09T02:32:16.049Z
177,2024-07-06T04:04:56.246Z
192,2024-07-07T05:19:43.731Z
199,2024-07-09T02:35:30.905Z
198,2024-07-09T02:33:40.442Z
159,2024-07-03T03:52:32.687Z
201,2024-07-09T07:49:38.945Z
2,2024-07-02T03:55:37.363Z
175,2024-07-06T03:07:42.050Z
196,2024-07-07T09:20:35.790Z
163,2024-07-04T04:15:25.807Z
167,2024-07-05T04:33:30.079Z
183,2024-07-06T09:01:38.602Z
189,2024-07-07T04:14:45.298Z
102,2024-07-07T09:21:34.896Z
173,2024-07-05T10:58:00.958Z
146,2024-07-06T04:07:41.404Z
150,2024-07-02T03:46:39.980Z
109,2024-07-06T03:09:13.443Z
185,2024-07-07T04:07:19.203Z
227,2024-07-11T05:58:41.293Z
179,2024-07-06T04:08:52.874Z
193,2024-07-07T05:22:51.880Z
148,2024-07-10T10:50:45.424Z
281,2024-07-23T03:22:12.862Z
294,2024-07-25T02:53:14.707Z
109,2024-07-11T05:57:00.039Z
195,2024-07-13T04:54:22.740Z
160,2024-07-11T05:52:07.579Z
158,2024-07-09T02:29:39.082Z
234,2024-07-12T10:58:01.053Z
275,2024-07-20T07:27:31.025Z
108,2024-07-16T04:25:07.975Z
82,2024-07-20T06:02:18.146Z
195,2024-07-13T04:52:02.944Z
267,2024-07-20T06:03:11.568Z
180,2024-07-13T02:40:33.195Z
180,2024-07-11T05:52:46.217Z
232,2024-07-12T04:39:18.123Z
260,2024-07-17T06:17:08.697Z
150,2024-07-20T06:07:12.616Z
282,2024-07-23T03:24:19.111Z
246,2024-07-13T07:51:05.872Z
233,2024-07-12T04:40:47.062Z
280,2024-07-21T09:07:47.268Z
225,2024-07-16T04:23:10.849Z
225,2024-07-11T05:54:32.461Z
229,2024-07-11T08:13:38.358Z
243,2024-07-13T04:48:12.795Z
259,2024-07-17T05:00:24.368Z
201,2024-07-25T02:48:55.826Z
249,2024-07-14T02:29:33.240Z
253,2024-07-16T04:22:00.560Z
273,2024-07-20T07:20:28.138Z
263,2024-07-18T02:35:10.216Z
267,2024-07-19T09:38:16.419Z
248,2024-07-14T02:28:47.092Z
172,2024-07-24T04:43:34.125Z
247,2024-07-13T07:52:20.775Z
257,2024-07-17T04:55:29.486Z
252,2024-07-14T06:58:09.601Z
279,2024-07-21T04:07:26.159Z
231,2024-07-12T04:36:37.706Z
265,2024-07-18T06:54:32.448Z
261,2024-07-17T10:02:48.898Z
239,2024-07-13T04:17:07.351Z
262,2024-07-17T10:04:03.785Z
288,2024-07-24T04:48:16.603Z
182,2024-07-12T10:58:56.099Z
194,2024-07-07T05:23:59.783Z
264,2024-07-18T06:53:25.620Z
236,2024-07-13T02:35:47.070Z
237,2024-07-13T02:39:47.287Z
277,2024-07-21T04:04:50.327Z
286,2024-07-23T06:11:40.395Z
278,2024-07-21T04:06:37.981Z
251,2024-07-14T06:57:25.877Z
268,2024-07-20T06:00:12.077Z
240,2024-07-13T04:20:53.700Z
266,2024-07-19T05:14:49.514Z
271,2024-07-20T06:05:42.020Z
290,2024-07-24T09:15:40.233Z
292,2024-07-24T09:22:36.665Z
121,2024-07-24T09:19:28.315Z
289,2024-07-24T09:10:17.633Z
276,2024-07-20T09:53:38.903Z
283,2024-07-23T03:34:37.442Z
346,2024-08-04T08:35:21.400Z
258,2024-07-17T04:58:52.281Z
325,2024-07-31T09:12:55.187Z
33,2024-07-23T06:09:42.272Z
298,2024-07-25T06:42:49.054Z
343,2024-08-04T02:06:02.372Z
315,2024-07-27T06:44:33.249Z
337,2024-08-03T06:16:34.814Z
348,2024-08-06T04:51:18.454Z
261,2024-08-06T05:03:32.765Z
349,2024-08-06T04:52:20.261Z
307,2024-07-26T09:28:43.295Z
308,2024-07-26T09:29:26.373Z
297,2024-07-25T05:59:23.478Z
311,2024-07-26T09:31:43.813Z
313,2024-07-27T01:56:49.606Z
134,2024-08-02T04:28:51.994Z
328,2024-08-01T07:01:22.917Z
351,2024-08-06T05:05:19.492Z
121,2024-08-03T09:17:18.070Z
296,2024-07-25T05:54:57.871Z
306,2024-07-26T04:50:03.554Z
295,2024-07-25T05:48:42.430Z
316,2024-07-28T02:44:28.628Z
284,2024-07-23T03:39:07.140Z
304,2024-07-26T04:45:24.988Z
347,2024-08-04T08:43:58.943Z
118,2024-08-03T03:41:14.738Z
339,2024-08-03T09:16:53.444Z
2,2024-08-03T03:03:34.618Z
314,2024-07-27T02:11:10.607Z
321,2024-07-30T09:16:24.001Z
305,2024-07-26T04:46:41.275Z
203,2024-07-26T02:56:35.322Z
355,2024-08-07T04:08:22.813Z
300,2024-07-26T01:47:07.829Z
299,2024-07-25T06:57:48.729Z
303,2024-07-26T04:40:54.103Z
230,2024-07-11T08:14:39.161Z
161,2024-08-02T09:26:21.783Z
318,2024-07-28T08:30:00.000Z
354,2024-08-07T04:02:13.814Z
317,2024-07-28T08:23:00.000Z
345,2024-08-04T04:12:32.367Z
335,2024-08-03T03:07:48.068Z
327,2024-08-01T06:59:32.139Z
82,2024-08-06T07:58:01.089Z
169,2024-08-02T09:25:44.878Z
338,2024-08-03T06:27:04.981Z
320,2024-07-30T09:04:40.978Z
250,2024-07-14T02:30:49.580Z
302,2024-07-26T04:38:25.277Z
256,2024-07-16T08:20:10.372Z
326,2024-08-01T02:28:03.476Z
324,2024-07-31T06:33:52.461Z
352,2024-08-06T05:07:10.710Z
134,2024-08-02T04:26:38.902Z
310,2024-07-26T09:32:23.998Z
310,2024-07-26T09:31:09.086Z
317,2024-08-03T03:00:54.720Z
75,2024-08-04T03:14:28.009Z
38,2024-07-31T06:31:50.812Z
322,2024-07-31T06:21:59.261Z
319,2024-07-30T03:38:42.109Z
264,2024-07-26T09:30:06.929Z
356,2024-08-07T09:08:16.696Z
368,2024-08-09T07:43:52.760Z
359,2024-08-08T09:41:45.719Z
358,2024-08-08T09:39:36.611Z
357,2024-08-08T09:35:32.346Z
369,2024-08-10T03:22:20.108Z
370,2024-08-10T04:36:04.835Z
364,2024-08-08T09:49:12.300Z
150,2024-08-08T09:46:29.962Z
367,2024-08-09T06:14:10.503Z
361,2024-08-08T09:44:23.628Z
360,2024-08-08T09:43:18.982Z
346,2024-08-08T09:47:43.520Z
366,2024-08-09T05:11:39.975Z
365,2024-08-09T03:15:16.863Z